{
  "urls": [
    "ch1.mp3",
    "ch1.ogg",
    "ch1.m4a"
  ],
  "sprite": {
    "Bet_Down": [
      0,
      2002.7210884353744
    ],
    "Bet_Up": [
      3500,
      2245.8956916099773
    ],
    "Discs stop spinning2_V3": [
      7000,
      677.0294784580502
    ]
  }
}