{
  "urls": [
    "ch9.mp3",
    "ch9.ogg",
    "ch9.m4a"
  ],
  "sprite": {
    "Bet_Max": [
      0,
      2014.331065759637
    ],
    "PrizeAwarded - 07Words": [
      3500,
      2500.022675736961
    ]
  }
}